Student;ID;SIS User ID;SIS Login ID;Section;Part 1: Multiple choice questions - January 2024 (Remotely Proctored) (473819);Part 2: Practice - January 2024 _ CORRECT VERSION(Remotely Proctored) (475074);Chaptertests Current Points (Zittijd januari en juni AJ 2023-2024);Chaptertests Final Points (Zittijd januari en juni AJ 2023-2024);Chaptertests Current Score (Zittijd januari en juni AJ 2023-2024);Chaptertests Unposted Current Score (Zittijd januari en juni AJ 2023-2024);Chaptertests Final Score (Zittijd januari en juni AJ 2023-2024);Chaptertests Unposted Final Score (Zittijd januari en juni AJ 2023-2024);Opdrachten Current Points (Zittijd januari en juni AJ 2023-2024);Opdrachten Final Points (Zittijd januari en juni AJ 2023-2024);Opdrachten Current Score (Zittijd januari en juni AJ 2023-2024);Opdrachten Unposted Current Score (Zittijd januari en juni AJ 2023-2024);Opdrachten Final Score (Zittijd januari en juni AJ 2023-2024);Opdrachten Unposted Final Score (Zittijd januari en juni AJ 2023-2024);Opdrachten Current Points (Zittijd januari en juni AJ 2023-2024);Opdrachten Final Points (Zittijd januari en juni AJ 2023-2024);Opdrachten Current Score (Zittijd januari en juni AJ 2023-2024);Opdrachten Unposted Current Score (Zittijd januari en juni AJ 2023-2024);Opdrachten Final Score (Zittijd januari en juni AJ 2023-2024);Opdrachten Unposted Final Score (Zittijd januari en juni AJ 2023-2024);Imported Assignments Current Points (Zittijd januari en juni AJ 2023-2024);Imported Assignments Final Points (Zittijd januari en juni AJ 2023-2024);Imported Assignments Current Score (Zittijd januari en juni AJ 2023-2024);Imported Assignments Unposted Current Score (Zittijd januari en juni AJ 2023-2024);Imported Assignments Final Score (Zittijd januari en juni AJ 2023-2024);Imported Assignments Unposted Final Score (Zittijd januari en juni AJ 2023-2024);Test Proctorio Current Points (Zittijd januari en juni AJ 2023-2024);Test Proctorio Final Points (Zittijd januari en juni AJ 2023-2024);Test Proctorio Current Score (Zittijd januari en juni AJ 2023-2024);Test Proctorio Unposted Current Score (Zittijd januari en juni AJ 2023-2024);Test Proctorio Final Score (Zittijd januari en juni AJ 2023-2024);Test Proctorio Unposted Final Score (Zittijd januari en juni AJ 2023-2024);Migrated Quizzes Current Points (Zittijd januari en juni AJ 2023-2024);Migrated Quizzes Final Points (Zittijd januari en juni AJ 2023-2024);Migrated Quizzes Current Score (Zittijd januari en juni AJ 2023-2024);Migrated Quizzes Unposted Current Score (Zittijd januari en juni AJ 2023-2024);Migrated Quizzes Final Score (Zittijd januari en juni AJ 2023-2024);Migrated Quizzes Unposted Final Score (Zittijd januari en juni AJ 2023-2024);Current Points (Zittijd januari en juni AJ 2023-2024);Final Points (Zittijd januari en juni AJ 2023-2024);Current Score (Zittijd januari en juni AJ 2023-2024);Unposted Current Score (Zittijd januari en juni AJ 2023-2024);Final Score (Zittijd januari en juni AJ 2023-2024);Unposted Final Score (Zittijd januari en juni AJ 2023-2024)
;;;;;Manual Posting;Manual Posting;;;;;;;;;;;;;;;;;;;;;;;;;;;;;;;;;;;;;;;;;;
    Points Possible;;;;;30.00;10.00;(read only);(read only);(read only);(read only);(read only);(read only);(read only);(read only);(read only);(read only);(read only);(read only);(read only);(read only);(read only);(read only);(read only);(read only);(read only);(read only);(read only);(read only);(read only);(read only);(read only);(read only);(read only);(read only);(read only);(read only);(read only);(read only);(read only);(read only);(read only);(read only);(read only);(read only);(read only);(read only);(read only);(read only)
LastName, FirstName 1;123;S_r00123;S_r00123@student.thomasmore.be;1ITF - Application Development in Python (2022 | 2023) and GTI ACS 1ACS01 (Z56485);2.33;0.00;;N/A;;;;;;6.00;;;;;1.00;;8.00;1.00;N/A;N/A;;;;;;;;;;;;;;;;;;;;;;;;
LastName, FirstName 2;124;S_r00124;S_r00124@student.thomasmore.be;1ITF - Application Development in Python (2022 | 2023) and GTI ACS 1ACS02 (Z56485);;;8.33;;;3.00;13.00;;;;;;;;;;;;;;;;;;;;;;;;;;;;;;;;;;;;;
LastName, FirstName 3;125;S_r00125;S_r00125@student.thomasmore.be;1ITF - Application Development in Python (2022 | 2023) and GTI TI 1ITF05 (Z62903);2.63;0.00;;N/A;3.00;;;1.00;12.50;;;;;;1.00;;N/A;N/A;N/A;N/A;;;;;;;;;;;;;;;;;;;;;;;;
LastName, FirstName 4;126;S_r00126;S_r00126@student.thomasmore.be;1ITF - Application Development in Python (2022 | 2023) and GTI EI 1ITF05 (Z62903);8.70;0.50;2.67;N/A;6.00;3.50;13.00;1.00;23.33;;;;;;1.00;;N/A;N/A;N/A;N/A;;;;;;;;;;;;;;;;;;;;;;;;
LastName, FirstName 5;127;S_r00127;S_r00127@student.thomasmore.be;1ITF - Application Development in Python (2022 | 2023) and GTI TI 1ITF02 (Z62903);;;;N/A;;6.00;15.00;1.00;11.25;;;;;;;;N/A;N/A;N/A;N/A;;;;;;;;;;;;;;;;;;;;;;;;
LastName, FirstName 6;128;S_r00128;S_r00128@student.thomasmore.be;1ITF - Application Development in Python (2022 | 2023) and GTI TI 1ITF06 (Z62903);23.50;9.75;8.17;N/A;6.00;10.00;15.00;1.00;43.50;9.00;7.00;9.09;7.78;8.00;1.00;0.00;N/A;N/A;N/A;N/A;;;;;;;;;;;;;;;;;;;;;;;;
LastName, FirstName 7;129;S_r00129;S_r00129@student.thomasmore.be;1ITF - Application Development in Python (2022 | 2023) and GTI ACS 1ACS02 (Z56485);18.09;4.00;10.67;N/A;6.00;8.00;15.00;1.00;23.25;8.00;7.00;8.18;8.89;9.00;1.00;;N/A;N/A;N/A;N/A;;;;;;;;;;;;;;;;;;;;;;;;
LastName, FirstName 8;130;S_r00130;S_r00130@student.thomasmore.be;1ITF - Application Development in Python (2022 | 2023) and GTI ACS 1ACS02 (Z56485);11.83;1.63;6.33;N/A;6.00;9.50;12.00;1.00;22.25;9.00;3.00;;4.44;;1.00;;N/A;N/A;N/A;N/A;;;;;;;;;;;;;;;;;;;;;;;;
LastName, FirstName 9;131;S_r00131;S_r00131@student.thomasmore.be;1ITF - Application Development in Python (2022 | 2023) and GTI TI 1ITF03 (Z62903);13.53;1.63;3.00;N/A;4.00;1.00;15.00;1.00;24.50;3.00;;0.00;;;1.00;0.00;N/A;N/A;N/A;N/A;;;;;;;;;;;;;;;;;;;;;;;;
LastName, FirstName 10;132;S_r00132;S_r00132@student.thomasmore.be;1ITF - Application Development in Python (2022 | 2023) and GTI ACS 1ACS01 (Z56485);8.40;0.00;10.00;N/A;5.50;;14.00;1.00;16.17;3.00;2.00;;;;1.00;;N/A;N/A;N/A;N/A;;;;;;;;;;;;;;;;;;;;;;;;
LastName, FirstName 11;133;S_r00133;S_r00133@student.thomasmore.be;1ITF - Application Development in Python (2022 | 2023) and GTI ACS 1ACS02 (Z56485);5.80;0.00;2.83;N/A;2.50;4.00;7.00;1.00;10.83;;;;;;1.00;0.00;N/A;N/A;N/A;N/A;;;;;;;;;;;;;;;;;;;;;;;;
LastName, FirstName 12;134;S_r00134;S_r00134@student.thomasmore.be;1ITF - Application Development in Python (2022 | 2023) and GTI TI 1ITF05 (Z62903);;;11.00;N/A;6.00;11.00;15.00;1.00;17.25;;;;;;;;N/A;N/A;N/A;N/A;;;;;;;;;;;;;;;;;;;;;;;;
LastName, FirstName 13;135;S_r00135;S_r00135@student.thomasmore.be;1ITF - Application Development in Python (2022 | 2023) and GTI ACS 1ACS02 (Z56485);19.00;6.00;6.33;N/A;5.50;4.00;14.00;1.00;34.50;;;;;;1.00;0.00;N/A;N/A;N/A;N/A;;;;;;;;;;;;;;;;;;;;;;;;
LastName, FirstName 14;136;S_r00136;S_r00136@student.thomasmore.be;1ITF - Application Development in Python (2022 | 2023) and GTI ACS 1ACS01 (Z56485);4.76;0.00;11.33;N/A;5.50;6.50;11.00;1.00;10.33;;;;;;1.00;;N/A;N/A;N/A;N/A;;;;;;;;;;;;;;;;;;;;;;;;
LastName, FirstName 15;137;S_r00137;S_r00137@student.thomasmore.be;1ITF - Application Development in Python (2022 | 2023) and GTI ACS 1ACS01 (Z56485);6.40;0.00;9.33;N/A;;;;1.00;5.50;8.00;5.00;7.27;;8.00;1.00;0.00;N/A;N/A;N/A;N/A;;;;;;;;;;;;;;;;;;;;;;;;
LastName, FirstName 16;138;S_r00138;S_r00138@student.thomasmore.be;1ITF - Application Development in Python (2022 | 2023) and GTI ACS 1ACS02 (Z56485);9.10;0.00;5.00;N/A;4.50;;15.00;1.00;22.66;;;;;;1.00;;N/A;N/A;N/A;N/A;;;;;;;;;;;;;;;;;;;;;;;;
LastName, FirstName 17;139;S_r00139;S_r00139@student.thomasmore.be;1ITF - Application Development in Python (2022 | 2023) and GTI TI 1ITF06 (Z62903);;;6.00;N/A;2.50;6.00;;;;;;;;;;;;;N/A;N/A;;;;;;;;;;;;;;;;;;;;;;;;
LastName, FirstName 18;140;S_r00140;S_r00140@student.thomasmore.be;1ITF - Application Development in Python (2022 | 2023) and GTI TI 1ITF04 (Z62903);22.00;6.15;9.00;N/A;5.00;11.50;13.00;1.00;40.25;6.00;;;;;1.00;0.00;N/A;N/A;N/A;N/A;;;;;;;;;;;;;;;;;;;;;;;;
LastName, FirstName 19;141;S_r00141;S_r00141@student.thomasmore.be;1ITF - Application Development in Python (2022 | 2023) and GTI TI 1ITF06 (Z62903);17.74;1.38;;N/A;3.00;7.00;;1.00;31.00;;;;;;1.00;0.00;N/A;N/A;N/A;N/A;;;;;;;;;;;;;;;;;;;;;;;;
LastName, FirstName 20;142;S_r00142;S_r00142@student.thomasmore.be;1ITF - Application Development in Python (2022 | 2023) and GTI ACS 1ACS02 (Z56485);;;;N/A;;;;;;;;;;;;;N/A;N/A;N/A;N/A;;;;;;;;;;;;;;;;;;;;;;;;
LastName, FirstName 21;143;S_r00143;S_r00143@student.thomasmore.be;1ITF - Application Development in Python (2022 | 2023) and GTI ACS 1ACS02 (Z56485);10.51;0.25;6.33;N/A;6.00;5.50;13.00;1.00;20.50;;;;;;1.00;;N/A;N/A;N/A;N/A;;;;;;;;;;;;;;;;;;;;;;;;
LastName, FirstName 22;144;S_r00144;S_r00144@student.thomasmore.be;1ITF - Application Development in Python (2022 | 2023) and GTI TI 1ITF04 (Z62903);22.70;8.10;7.00;N/A;6.00;7.00;11.00;1.00;45.50;9.00;4.00;7.27;8.89;7.00;1.00;;N/A;N/A;N/A;N/A;;;;;;;;;;;;;;;;;;;;;;;;
LastName, FirstName 23;145;S_r00145;S_r00145@student.thomasmore.be;1ITF - Application Development in Python (2022 | 2023) and GTI TI 1ITF04 (Z62903);21.20;6.75;8.33;N/A;6.00;8.50;;1.00;29.25;5.00;;;;;1.00;;N/A;N/A;N/A;N/A;;;;;;;;;;;;;;;;;;;;;;;;
LastName, FirstName 24;146;S_r00146;S_r00146@student.thomasmore.be;1ITF - Application Development in Python (2022 | 2023) and GTI TI 1ITF02 (Z62903);16.23;2.88;6.00;N/A;6.00;3.00;12.00;1.00;18.75;9.00;7.00;10.00;7.78;9.00;1.00;;N/A;N/A;N/A;N/A;;;;;;;;;;;;;;;;;;;;;;;;
LastName, FirstName 25;147;S_r00147;S_r00147@student.thomasmore.be;1ITF - Application Development in Python (2022 | 2023) and GTI ACS 1ACS01 (Z56485);11.43;0.50;11.33;N/A;4.00;5.00;9.00;1.00;24.50;7.00;5.00;8.18;6.67;8.00;1.00;0.00;N/A;N/A;N/A;N/A;;;;;;;;;;;;;;;;;;;;;;;;
LastName, FirstName 26;148;S_r00148;S_r00148@student.thomasmore.be;1ITF - Application Development in Python (2022 | 2023) and GTI ACS 1ACS01 (Z56485);;;;N/A;;;;;;;;;;;;;N/A;N/A;N/A;N/A;;;;;;;;;;;;;;;;;;;;;;;;
LastName, FirstName 27;149;S_r00149;S_r00149@student.thomasmore.be;1ITF - Application Development in Python (2022 | 2023) and GTI TI 1ITF01 (Z62903);20.80;6.25;6.00;N/A;5.50;4.50;10.00;1.00;24.75;;4.00;4.55;4.44;8.00;1.00;0.00;N/A;N/A;N/A;N/A;;;;;;;;;;;;;;;;;;;;;;;;
LastName, FirstName 28;150;S_r00150;S_r00150@student.thomasmore.be;1ITF - Application Development in Python (2022 | 2023) and GTI EI 1ITF03 (Z62903);12.73;1.00;4.00;N/A;4.50;10.00;14.00;1.00;25.50;;;9.09;;;1.00;0.00;N/A;N/A;N/A;N/A;;;;;;;;;;;;;;;;;;;;;;;;
LastName, FirstName 29;151;S_r00151;S_r00151@student.thomasmore.be;1ITF - Application Development in Python (2022 | 2023) and GTI TI 1ITF06 (Z62903);11.43;1.25;3.00;N/A;6.00;2.00;10.00;1.00;18.75;2.00;6.00;5.45;6.67;4.00;1.00;;N/A;N/A;N/A;N/A;;;;;;;;;;;;;;;;;;;;;;;;
LastName, FirstName 30;152;S_r00152;S_r00152@student.thomasmore.be;1ITF - Application Development in Python (2022 | 2023) and GTI TI 1ITF05 (Z62903);12.93;1.50;3.33;N/A;4.00;2.50;9.00;1.00;13.25;;;;;;1.00;0.00;N/A;N/A;N/A;N/A;;;;;;;;;;;;;;;;;;;;;;;;
LastName, FirstName 31;153;S_r00153;S_r00153@student.thomasmore.be;1ITF - Application Development in Python (2022 | 2023) and GTI EI 1ITF04 (Z62903);18.23;0.50;3.00;N/A;3.00;3.00;13.00;1.00;20.25;10.00;6.00;5.45;8.89;6.00;1.00;;N/A;N/A;N/A;N/A;;;;;;;;;;;;;;;;;;;;;;;;
LastName, FirstName 32;154;S_r00154;S_r00154@student.thomasmore.be;1ITF - Application Development in Python (2022 | 2023) and GTI ACS 1ACS01 (Z56485);18.66;3.13;;N/A;;4.00;;1.00;44.08;;;;;8.00;1.00;;N/A;N/A;N/A;N/A;;;;;;;;;;;;;;;;;;;;;;;;
LastName, FirstName 33;155;S_r00155;S_r00155@student.thomasmore.be;1ITF - Application Development in Python (2022 | 2023) and GTI TI 1ITF06 (Z62903);14.79;0.50;11.00;N/A;6.00;8.00;12.00;1.00;25.50;8.00;5.00;10.00;7.78;9.00;1.00;0.00;N/A;N/A;N/A;N/A;;;;;;;;;;;;;;;;;;;;;;;;
LastName, FirstName 34;156;S_r00156;S_r00156@student.thomasmore.be;1ITF - Application Development in Python (2022 | 2023) and GTI TI 1ITF03 (Z62903);13.90;5.50;6.17;N/A;6.00;6.00;11.00;1.00;36.25;6.00;;4.55;;;1.00;0.00;N/A;N/A;N/A;N/A;;;;;;;;;;;;;;;;;;;;;;;;
LastName, FirstName 35;157;S_r00157;S_r00157@student.thomasmore.be;1ITF - Application Development in Python (2022 | 2023) and GTI EI 1ITF04 (Z62903);20.87;10.00;8.00;N/A;6.00;10.00;10.00;1.00;36.25;7.00;4.00;6.36;6.67;8.00;1.00;;N/A;N/A;N/A;N/A;;;;;;;;;;;;;;;;;;;;;;;;
LastName, FirstName 36;158;S_r00158;S_r00158@student.thomasmore.be;1ITF - Application Development in Python (2022 | 2023) and GTI EI 1ITF02 (Z62903);1.63;;9.00;N/A;6.00;3.00;10.00;1.00;11.25;;;;;;1.00;0.00;N/A;N/A;N/A;N/A;;;;;;;;;;;;;;;;;;;;;;;;
LastName, FirstName 37;159;S_r00159;S_r00159@student.thomasmore.be;1ITF - Application Development in Python (2022 | 2023) and GTI TI 1ITF03 (Z62903);9.63;0.00;2.00;N/A;6.00;;5.00;1.00;12.50;;;;;;1.00;0.00;N/A;N/A;N/A;N/A;;;;;;;;;;;;;;;;;;;;;;;;
LastName, FirstName 38;160;S_r00160;S_r00160@student.thomasmore.be;1ITF - Application Development in Python (2022 | 2023) and GTI EI 1ITF02 (Z62903);13.97;3.33;11.00;N/A;6.00;12.00;15.00;1.00;29.00;10.00;8.00;10.00;10.00;9.00;1.00;0.00;N/A;N/A;N/A;N/A;;;;;;;;;;;;;;;;;;;;;;;;
LastName, FirstName 39;161;S_r00161;S_r00161@student.thomasmore.be;1ITF - Application Development in Python (2022 | 2023) and GTI ACS 1ACS01 (Z56485);27.00;6.25;8.33;N/A;5.50;6.50;;1.00;44.00;6.00;;9.09;;;1.00;0.00;N/A;N/A;N/A;N/A;;;;;;;;;;;;;;;;;;;;;;;;
LastName, FirstName 40;162;S_r00162;S_r00162@student.thomasmore.be;1ITF - Application Development in Python (2022 | 2023) and GTI ACS 1ACS02 (Z56485);5.63;1.00;;N/A;0.00;;9.00;1.00;10.00;;;3.64;2.22;;1.00;;N/A;N/A;N/A;N/A;;;;;;;;;;;;;;;;;;;;;;;;
LastName, FirstName 41;163;S_r00163;S_r00163@student.thomasmore.be;1ITF - Application Development in Python (2022 | 2023) and GTI ACS 1ACS02 (Z56485);10.73;1.75;;N/A;6.00;8.50;14.00;1.00;20.66;;;7.27;6.67;;1.00;;N/A;N/A;N/A;N/A;;;;;;;;;;;;;;;;;;;;;;;;
LastName, FirstName 42;164;S_r00164;S_r00164@student.thomasmore.be;1ITF - Application Development in Python (2022 | 2023) and GTI ACS 1ACS01 (Z56485);24.59;0.75;9.33;N/A;6.00;8.00;13.00;1.00;30.00;7.00;4.00;8.18;7.78;8.00;1.00;0.00;N/A;N/A;N/A;N/A;;;;;;;;;;;;;;;;;;;;;;;;
LastName, FirstName 43;165;S_r00165;S_r00165@student.thomasmore.be;1ITF - Application Development in Python (2022 | 2023) and GTI TI 1ITF05 (Z62903);;;;N/A;;;;;;;;;;;;;N/A;N/A;N/A;N/A;;;;;;;;;;;;;;;;;;;;;;;;
LastName, FirstName 44;166;S_r00166;S_r00166@student.thomasmore.be;1ITF - Application Development in Python (2022 | 2023) and GTI EI 1ITF01 (Z62903);22.20;5.00;9.33;N/A;6.00;8.00;14.00;1.00;37.25;7.00;4.00;6.36;4.44;6.00;1.00;;N/A;N/A;N/A;N/A;;;;;;;;;;;;;;;;;;;;;;;;
LastName, FirstName 45;167;S_r00167;S_r00167@student.thomasmore.be;1ITF - Application Development in Python (2022 | 2023) and GTI EI 1ITF03 (Z62903);18.60;3.00;7.00;N/A;6.00;12.00;9.00;1.00;27.00;10.00;2.00;8.18;8.89;7.00;1.00;0.00;N/A;N/A;N/A;N/A;;;;;;;;;;;;;;;;;;;;;;;;
LastName, FirstName 46;168;S_r00168;S_r00168@student.thomasmore.be;1ITF - Application Development in Python (2022 | 2023) and GTI TI 1ITF03 (Z62903);22.03;8.50;7.00;N/A;6.00;12.00;14.00;1.00;32.25;5.00;;8.18;;;1.00;0.00;N/A;N/A;N/A;N/A;;;;;;;;;;;;;;;;;;;;;;;;
LastName, FirstName 47;169;S_r00169;S_r00169@student.thomasmore.be;1ITF - Application Development in Python (2022 | 2023) and GTI TI 1ITF03 (Z62903);15.57;4.00;5.00;N/A;6.00;6.00;11.00;1.00;32.75;5.00;;3.64;;9.00;1.00;0.00;N/A;N/A;N/A;N/A;;;;;;;;;;;;;;;;;;;;;;;;
LastName, FirstName 48;170;S_r00170;S_r00170@student.thomasmore.be;1ITF - Application Development in Python (2022 | 2023) and GTI EI 1ITF06 (Z62903);9.30;0.25;6.50;N/A;5.00;4.50;10.00;1.00;9.16;3.00;1.00;;;;1.00;;N/A;N/A;N/A;N/A;;;;;;;;;;;;;;;;;;;;;;;;
LastName, FirstName 49;171;S_r00171;S_r00171@student.thomasmore.be;1ITF - Application Development in Python (2022 | 2023) and GTI EI 1ITF06 (Z62903);10.80;3.25;12.00;N/A;6.00;10.50;;1.00;22.50;7.00;5.00;;3.33;;1.00;0.00;N/A;N/A;N/A;N/A;;;;;;;;;;;;;;;;;;;;;;;;
LastName, FirstName 50;172;S_r00172;S_r00172@student.thomasmore.be;1ITF - Application Development in Python (2022 | 2023) and GTI EI 1ITF01 (Z62903);21.17;4.25;9.67;N/A;5.50;7.00;13.00;1.00;29.75;;;;;;1.00;0.00;N/A;N/A;N/A;N/A;;;;;;;;;;;;;;;;;;;;;;;;
LastName, FirstName 51;173;S_r00173;S_r00173@student.thomasmore.be;1ITF - Application Development in Python (2022 | 2023) and GTI TI 1ITF04 (Z62903);22.33;8.75;10.67;N/A;6.00;10.00;;1.00;46.25;6.00;;;;;1.00;;N/A;N/A;N/A;N/A;;;;;;;;;;;;;;;;;;;;;;;;
LastName, FirstName 52;174;S_r00174;S_r00174@student.thomasmore.be;1ITF - Application Development in Python (2022 | 2023) and GTI TI 1ITF06 (Z62903);26.83;10.00;10.33;N/A;6.00;9.00;15.00;1.00;31.00;10.00;7.00;8.18;8.89;9.00;1.00;;N/A;N/A;N/A;N/A;;;;;;;;;;;;;;;;;;;;;;;;
LastName, FirstName 53;175;S_r00175;S_r00175@student.thomasmore.be;1ITF - Application Development in Python (2022 | 2023) and GTI TI 1ITF06 (Z62903);25.09;8.50;11.33;N/A;6.00;12.00;15.00;1.00;36.00;9.00;7.00;9.09;8.89;9.00;1.00;;N/A;N/A;N/A;N/A;;;;;;;;;;;;;;;;;;;;;;;;
LastName, FirstName 54;176;S_r00176;S_r00176@student.thomasmore.be;1ITF - Application Development in Python (2022 | 2023) and GTI TI 1ITF01 (Z62903);;;6.67;0.00;5.00;6.00;13.00;1.00;27.50;8.00;7.00;7.27;10.00;8.00;;;N/A;N/A;1.00;21.83;;;;;;;;;;;;;;;;;;;;;;;;
LastName, FirstName 55;177;S_r00177;S_r00177@student.thomasmore.be;1ITF - Application Development in Python (2022 | 2023) and GTI EI 1ITF06 (Z62903);16.77;2.25;8.83;N/A;6.00;2.50;;1.00;30.00;1.00;2.00;;;;1.00;;N/A;N/A;N/A;N/A;;;;;;;;;;;;;;;;;;;;;;;;
LastName, FirstName 56;178;S_r00178;S_r00178@student.thomasmore.be;1ITF - Application Development in Python (2022 | 2023) and GTI EI 1ITF06 (Z62903);14.53;0.00;5.00;N/A;4.50;3.00;12.00;;;6.00;2.00;;;;1.00;0.00;17.25;1.00;N/A;N/A;;;;;;;;;;;;;;;;;;;;;;;;
LastName, FirstName 57;179;S_r00179;S_r00179@student.thomasmore.be;1ITF - Application Development in Python (2022 | 2023) and GTI EI 1ITF05 (Z62903);5.60;2.50;12.00;N/A;5.00;;13.00;1.00;20.25;;;;;;1.00;0.00;N/A;N/A;N/A;N/A;;;;;;;;;;;;;;;;;;;;;;;;
LastName, FirstName 58;180;S_r00180;S_r00180@student.thomasmore.be;1ITF - Application Development in Python (2022 | 2023) and GTI ACS 1ACS01 (Z56485);25.53;9.00;12.00;N/A;6.00;11.00;14.00;1.00;48.50;9.00;7.00;9.09;5.56;8.00;1.00;;N/A;N/A;N/A;N/A;;;;;;;;;;;;;;;;;;;;;;;;
LastName, FirstName 59;181;S_r00181;S_r00181@student.thomasmore.be;1ITF - Application Development in Python (2022 | 2023) and GTI TI 1ITF01 (Z62903);18.20;6.50;;N/A;;7.00;;1.00;18.08;8.00;6.00;;;;1.00;0.00;N/A;N/A;N/A;N/A;;;;;;;;;;;;;;;;;;;;;;;;
LastName, FirstName 60;182;S_r00182;S_r00182@student.thomasmore.be;1ITF - Application Development in Python (2022 | 2023) and GTI TI 1ITF04 (Z62903);18.90;4.50;6.00;N/A;4.50;3.50;;1.00;23.25;7.00;4.00;4.55;4.44;5.00;1.00;;N/A;N/A;N/A;N/A;;;;;;;;;;;;;;;;;;;;;;;;
LastName, FirstName 61;183;S_r00183;S_r00183@student.thomasmore.be;1ITF - Application Development in Python (2022 | 2023) and GTI TI 1ITF04 (Z62903);17.20;3.00;7.17;N/A;4.50;7.00;;1.00;19.00;4.00;;;;;1.00;;N/A;N/A;N/A;N/A;;;;;;;;;;;;;;;;;;;;;;;;
LastName, FirstName 62;184;S_r00184;S_r00184@student.thomasmore.be;1ITF - Application Development in Python (2022 | 2023) and GTI EI 1ITF03 (Z62903);14.43;3.25;5.33;N/A;6.00;6.00;13.00;1.00;32.75;7.00;;;;;1.00;;N/A;N/A;N/A;N/A;;;;;;;;;;;;;;;;;;;;;;;;
LastName, FirstName 63;185;S_r00185;S_r00185@student.thomasmore.be;1ITF - Application Development in Python (2022 | 2023) and GTI TI 1ITF06 (Z62903);24.33;9.25;11.67;N/A;6.00;8.00;14.00;1.00;44.50;10.00;7.00;10.00;10.00;9.00;1.00;0.00;N/A;N/A;N/A;N/A;;;;;;;;;;;;;;;;;;;;;;;;
LastName, FirstName 64;186;S_r00186;S_r00186@student.thomasmore.be;1ITF - Application Development in Python (2022 | 2023) and GTI TI 1ITF05 (Z62903);17.33;8.00;11.67;N/A;6.00;10.50;15.00;1.00;30.50;;;9.09;4.44;9.00;1.00;0.00;N/A;N/A;N/A;N/A;;;;;;;;;;;;;;;;;;;;;;;;
LastName, FirstName 65;187;S_r00187;S_r00187@student.thomasmore.be;1ITF - Application Development in Python (2022 | 2023) and GTI TI 1ITF04 (Z62903);20.43;2.75;4.33;N/A;4.50;4.00;;1.00;21.00;6.00;;;;;1.00;0.00;N/A;N/A;N/A;N/A;;;;;;;;;;;;;;;;;;;;;;;;
LastName, FirstName 66;188;S_r00188;S_r00188@student.thomasmore.be;1ITF - Application Development in Python (2022 | 2023) and GTI EI 1ITF05 (Z62903);15.53;8.25;8.33;N/A;4.00;4.00;13.00;1.00;27.00;;;;;;1.00;;N/A;N/A;N/A;N/A;;;;;;;;;;;;;;;;;;;;;;;;
LastName, FirstName 67;189;S_r00189;S_r00189@student.thomasmore.be;1ITF - Application Development in Python (2022 | 2023) and GTI EI 1ITF05 (Z62903);5.97;0.25;5.50;N/A;5.50;3.00;;1.00;16.25;;;;;;1.00;0.00;N/A;N/A;N/A;N/A;;;;;;;;;;;;;;;;;;;;;;;;
LastName, FirstName 68;190;S_r00190;S_r00190@student.thomasmore.be;1ITF - Application Development in Python (2022 | 2023) and GTI ACS 1ACS02 (Z56485);12.10;0.25;8.00;N/A;5.00;8.00;14.00;1.00;21.00;;;;;;1.00;0.00;N/A;N/A;N/A;N/A;;;;;;;;;;;;;;;;;;;;;;;;
LastName, FirstName 69;191;S_r00191;S_r00191@student.thomasmore.be;1ITF - Application Development in Python (2022 | 2023) and GTI ACS 1ACS01 (Z56485);3.60;1.25;12.00;N/A;;;;1.00;5.33;4.00;;;;;1.00;;N/A;N/A;N/A;N/A;;;;;;;;;;;;;;;;;;;;;;;;
LastName, FirstName 70;192;S_r00192;S_r00192@student.thomasmore.be;1ITF - Application Development in Python (2022 | 2023) and GTI ACS 1ACS02 (Z56485);;;;N/A;;;;;;;;;;;;;N/A;N/A;N/A;N/A;;;;;;;;;;;;;;;;;;;;;;;;
LastName, FirstName 71;193;S_r00193;S_r00193@student.thomasmore.be;1ITF - Application Development in Python (2022 | 2023) and GTI TI 1ITF02 (Z62903);11.23;1.50;11.17;N/A;6.00;8.00;10.00;1.00;32.75;4.00;2.00;5.45;6.67;5.00;1.00;;N/A;N/A;N/A;N/A;;;;;;;;;;;;;;;;;;;;;;;;
LastName, FirstName 72;194;S_r00194;S_r00194@student.thomasmore.be;1ITF - Application Development in Python (2022 | 2023) and GTI EI 1ITF03 (Z62903);;;;N/A;4.00;;6.00;1.00;19.58;;;;;;;;N/A;N/A;N/A;N/A;;;;;;;;;;;;;;;;;;;;;;;;
LastName, FirstName 73;195;S_r00195;S_r00195@student.thomasmore.be;1ITF - Application Development in Python (2022 | 2023) and GTI EI 1ITF03 (Z62903);14.37;3.75;;N/A;;;;1.00;25.00;;;;;;1.00;0.00;N/A;N/A;N/A;N/A;;;;;;;;;;;;;;;;;;;;;;;;
LastName, FirstName 74;196;S_r00196;S_r00196@student.thomasmore.be;1ITF - Application Development in Python (2022 | 2023) and GTI ACS 1ACS02 (Z56485);9.69;0.25;8.00;N/A;6.00;5.00;15.00;1.00;11.50;;;;;;1.00;;N/A;N/A;N/A;N/A;;;;;;;;;;;;;;;;;;;;;;;;
LastName, FirstName 75;197;S_r00197;S_r00197@student.thomasmore.be;1ITF - Application Development in Python (2022 | 2023) and GTI TI 1ITF02 (Z62903);;;;N/A;;;;;0.00;;;;;;;;N/A;N/A;N/A;N/A;;;;;;;;;;;;;;;;;;;;;;;;
LastName, FirstName 76;198;S_r00198;S_r00198@student.thomasmore.be;1ITF - Application Development in Python (2022 | 2023) and GTI EI 1ITF05 (Z62903);20.03;7.40;8.00;N/A;6.00;3.50;13.00;1.00;35.50;;;;;;1.00;;N/A;N/A;N/A;N/A;;;;;;;;;;;;;;;;;;;;;;;;
LastName, FirstName 77;199;S_r00199;S_r00199@student.thomasmore.be;1ITF - Application Development in Python (2022 | 2023) and GTI EI 1ITF05 (Z62903);13.80;1.00;9.33;N/A;3.50;2.50;12.00;1.00;18.66;;;;;;1.00;;N/A;N/A;N/A;N/A;;;;;;;;;;;;;;;;;;;;;;;;
LastName, FirstName 78;200;S_r00200;S_r00200@student.thomasmore.be;1ITF - Application Development in Python (2022 | 2023) and GTI ACS 1ACS01 (Z56485);18.60;5.25;11.67;N/A;6.00;11.00;14.00;1.00;29.25;9.00;5.00;8.18;10.00;9.00;1.00;;N/A;N/A;N/A;N/A;;;;;;;;;;;;;;;;;;;;;;;;
LastName, FirstName 79;201;S_r00201;S_r00201@student.thomasmore.be;1ITF - Application Development in Python (2022 | 2023) and GTI TI 1ITF02 (Z62903);8.50;0.25;3.83;N/A;5.00;8.00;8.00;1.00;21.50;;6.00;3.64;5.56;4.00;1.00;0.00;N/A;N/A;N/A;N/A;;;;;;;;;;;;;;;;;;;;;;;;
LastName, FirstName 80;202;S_r00202;S_r00202@student.thomasmore.be;1ITF - Application Development in Python (2022 | 2023) and GTI EI 1ITF04 (Z62903);14.73;1.75;5.83;N/A;5.50;7.00;9.00;1.00;25.00;2.00;;;;;1.00;;N/A;N/A;N/A;N/A;;;;;;;;;;;;;;;;;;;;;;;;
LastName, FirstName 81;203;S_r00203;S_r00203@student.thomasmore.be;1ITF - Application Development in Python (2022 | 2023) and GTI ACS 1ACS02 (Z56485);19.37;9.50;6.67;N/A;6.00;4.00;12.00;1.00;31.50;4.00;4.00;2.73;5.56;;1.00;0.00;N/A;N/A;N/A;N/A;;;;;;;;;;;;;;;;;;;;;;;;
LastName, FirstName 82;204;S_r00204;S_r00204@student.thomasmore.be;1ITF - Application Development in Python (2022 | 2023) and GTI TI 1ITF03 (Z62903);11.43;0.75;5.50;N/A;4.00;9.00;15.00;1.00;10.25;6.00;3.00;8.18;1.11;;1.00;0.00;N/A;N/A;N/A;N/A;;;;;;;;;;;;;;;;;;;;;;;;
LastName, FirstName 83;205;S_r00205;S_r00205@student.thomasmore.be;1ITF - Application Development in Python (2022 | 2023) and GTI EI 1ITF02 (Z62903);22.00;9.35;10.67;N/A;6.00;10.00;;1.00;42.25;10.00;6.00;;;;1.00;0.00;N/A;N/A;N/A;N/A;;;;;;;;;;;;;;;;;;;;;;;;
LastName, FirstName 84;206;S_r00206;S_r00206@student.thomasmore.be;1ITF - Application Development in Python (2022 | 2023) and GTI ACS 1ACS02 (Z56485);12.30;0.75;5.00;N/A;5.00;2.00;12.00;1.00;13.75;2.00;1.00;3.64;3.33;;1.00;0.00;N/A;N/A;N/A;N/A;;;;;;;;;;;;;;;;;;;;;;;;
LastName, FirstName 85;207;S_r00207;S_r00207@student.thomasmore.be;1ITF - Application Development in Python (2022 | 2023) and GTI TI 1ITF03 (Z62903);5.97;0.50;5.00;N/A;5.50;12.00;13.00;1.00;9.83;;;;;5.00;1.00;0.00;N/A;N/A;N/A;N/A;;;;;;;;;;;;;;;;;;;;;;;;
LastName, FirstName 86;208;S_r00208;S_r00208@student.thomasmore.be;1ITF - Application Development in Python (2022 | 2023) and GTI ACS 1ACS01 (Z56485);5.96;0.00;11.00;N/A;5.00;4.00;12.00;1.00;16.17;7.00;;;;;1.00;;N/A;N/A;N/A;N/A;;;;;;;;;;;;;;;;;;;;;;;;
LastName, FirstName 87;209;S_r00209;S_r00209@student.thomasmore.be;1ITF - Application Development in Python (2022 | 2023) and GTI TI 1ITF05 (Z62903);9.07;1.25;7.17;N/A;2.00;1.00;9.00;1.00;20.75;;;;;;1.00;;N/A;N/A;N/A;N/A;;;;;;;;;;;;;;;;;;;;;;;;
LastName, FirstName 88;210;S_r00210;S_r00210@student.thomasmore.be;1ITF - Application Development in Python (2022 | 2023) and GTI ACS 1ACS02 (Z56485);23.76;7.75;8.33;N/A;5.50;9.00;15.00;1.00;42.00;7.00;4.00;4.55;5.56;;1.00;0.00;N/A;N/A;N/A;N/A;;;;;;;;;;;;;;;;;;;;;;;;
LastName, FirstName 89;211;S_r00211;S_r00211@student.thomasmore.be;1ITF - Application Development in Python (2022 | 2023) and GTI TI 1ITF01 (Z62903);11.80;0.00;4.83;N/A;6.00;9.50;14.00;1.00;34.83;6.00;3.00;;;;1.00;;N/A;N/A;N/A;N/A;;;;;;;;;;;;;;;;;;;;;;;;
LastName, FirstName 90;212;S_r00212;S_r00212@student.thomasmore.be;1ITF - Application Development in Python (2022 | 2023) and GTI TI 1ITF04 (Z62903);22.37;2.25;11.67;N/A;6.00;4.00;13.00;1.00;32.00;8.00;7.00;8.18;7.78;8.00;1.00;0.00;N/A;N/A;N/A;N/A;;;;;;;;;;;;;;;;;;;;;;;;
LastName, FirstName 91;213;S_r00213;S_r00213@student.thomasmore.be;1ITF - Application Development in Python (2022 | 2023) and GTI ACS 1ACS01 (Z56485);;;6.67;N/A;4.50;5.00;14.00;1.00;8.58;8.00;;10.00;;9.00;;;N/A;N/A;N/A;N/A;;;;;;;;;;;;;;;;;;;;;;;;
LastName, FirstName 92;214;S_r00214;S_r00214@student.thomasmore.be;1ITF - Application Development in Python (2022 | 2023) and GTI TI 1ITF05 (Z62903);5.30;0.25;11.67;N/A;6.00;10.00;15.00;;;6.00;2.00;9.09;8.89;7.00;1.00;0.00;12.00;1.00;N/A;N/A;;;;;;;;;;;;;;;;;;;;;;;;
LastName, FirstName 93;215;S_r00215;S_r00215@student.thomasmore.be;1ITF - Application Development in Python (2022 | 2023) and GTI ACS 1ACS01 (Z56485);11.13;5.00;9.67;N/A;5.00;6.00;10.00;1.00;18.50;6.00;5.00;9.09;10.00;7.00;1.00;0.00;N/A;N/A;N/A;N/A;;;;;;;;;;;;;;;;;;;;;;;;
LastName, FirstName 94;216;S_r00216;S_r00216@student.thomasmore.be;1ITF - Application Development in Python (2022 | 2023) and GTI TI 1ITF06 (Z62903);;;8.33;N/A;5.00;9.00;;1.00;20.25;1.00;6.00;;;;;;N/A;N/A;N/A;N/A;;;;;;;;;;;;;;;;;;;;;;;;
LastName, FirstName 95;217;S_r00217;S_r00217@student.thomasmore.be;1ITF - Application Development in Python (2022 | 2023) and GTI ACS 1ACS01 (Z56485);12.86;1.25;;N/A;;;;1.00;10.25;6.00;;;;;1.00;0.00;N/A;N/A;N/A;N/A;;;;;;;;;;;;;;;;;;;;;;;;
LastName, FirstName 96;218;S_r00218;S_r00218@student.thomasmore.be;1ITF - Application Development in Python (2022 | 2023) and GTI TI 1ITF05 (Z62903);4.63;0.00;3.67;N/A;4.00;3.50;11.00;;;;;;;;1.00;;N/A;N/A;N/A;N/A;;;;;;;;;;;;;;;;;;;;;;;;
LastName, FirstName 97;219;S_r00219;S_r00219@student.thomasmore.be;1ITF - Application Development in Python (2022 | 2023) and GTI TI 1ITF02 (Z62903);3.76;0.25;7.33;N/A;;7.00;;1.00;11.50;;;;;;1.00;0.00;N/A;N/A;N/A;N/A;;;;;;;;;;;;;;;;;;;;;;;;
LastName, FirstName 98;220;S_r00220;S_r00220@student.thomasmore.be;1ITF - Application Development in Python (2022 | 2023) and GTI TI 1ITF03 (Z62903);17.07;5.00;6.17;N/A;5.00;2.00;13.00;1.00;30.75;4.00;;7.27;;;1.00;0.00;N/A;N/A;N/A;N/A;;;;;;;;;;;;;;;;;;;;;;;;
LastName, FirstName 99;221;S_r00221;S_r00221@student.thomasmore.be;1ITF - Application Development in Python (2022 | 2023) and GTI EI 1ITF05 (Z62903);19.73;8.00;10.00;N/A;6.00;8.00;13.00;1.00;32.00;9.00;6.00;9.09;10.00;9.00;1.00;;N/A;N/A;N/A;N/A;;;;;;;;;;;;;;;;;;;;;;;;
LastName, FirstName 100;222;S_r00222;S_r00222@student.thomasmore.be;1ITF - Application Development in Python (2022 | 2023) and GTI ACS 1ACS01 (Z56485);;;;N/A;;;;1.00;33.25;;;;;;;;N/A;N/A;N/A;N/A;;;;;;;;;;;;;;;;;;;;;;;;
LastName, FirstName 101;223;S_r00223;S_r00223@student.thomasmore.be;1ITF - Application Development in Python (2022 | 2023) and GTI ACS 1ACS01 (Z56485);4.13;1.00;11.00;N/A;2.50;6.50;15.00;1.00;7.08;8.00;;;;;1.00;;N/A;N/A;N/A;N/A;;;;;;;;;;;;;;;;;;;;;;;;
LastName, FirstName 102;224;S_r00224;S_r00224@student.thomasmore.be;1ITF - Application Development in Python (2022 | 2023) and GTI EI 1ITF06 (Z62903);13.03;0.10;7.33;N/A;6.00;9.50;;1.00;21.66;8.00;4.00;8.18;10.00;9.00;1.00;0.00;N/A;N/A;N/A;N/A;;;;;;;;;;;;;;;;;;;;;;;;
LastName, FirstName 103;225;S_r00225;S_r00225@student.thomasmore.be;1ITF - Application Development in Python (2022 | 2023) and GTI ACS 1ACS01 (Z56485);;;6.33;N/A;5.00;8.50;11.00;1.00;15.08;;;;;;;;N/A;N/A;N/A;N/A;;;;;;;;;;;;;;;;;;;;;;;;
LastName, FirstName 104;226;S_r00226;S_r00226@student.thomasmore.be;1ITF - Application Development in Python (2022 | 2023) and GTI ACS 1ACS02 (Z56485);5.97;4.75;12.00;N/A;6.00;12.00;15.00;1.00;11.75;10.00;8.00;10.00;10.00;9.00;1.00;;N/A;N/A;N/A;N/A;;;;;;;;;;;;;;;;;;;;;;;;
LastName, FirstName 105;227;S_r00227;S_r00227@student.thomasmore.be;1ITF - Application Development in Python (2022 | 2023) and GTI ACS 1ACS02 (Z56485);;;2.33;N/A;5.50;2.00;10.00;1.00;13.75;;;;;;;;N/A;N/A;N/A;N/A;;;;;;;;;;;;;;;;;;;;;;;;
LastName, FirstName 106;228;S_r00228;S_r00228@student.thomasmore.be;1ITF - Application Development in Python (2022 | 2023) and GTI TI 1ITF01 (Z62903);15.47;5.00;4.67;N/A;;4.00;;1.00;36.00;;;;;;1.00;0.00;N/A;N/A;N/A;N/A;;;;;;;;;;;;;;;;;;;;;;;;
LastName, FirstName 107;229;S_r00229;S_r00229@student.thomasmore.be;1ITF - Application Development in Python (2022 | 2023) and GTI TI 1ITF01 (Z62903);25.00;3.25;;N/A;6.00;6.50;12.00;1.00;26.25;10.00;4.00;9.09;8.89;9.00;1.00;0.00;N/A;N/A;N/A;N/A;;;;;;;;;;;;;;;;;;;;;;;;
LastName, FirstName 108;230;S_r00230;S_r00230@student.thomasmore.be;1ITF - Application Development in Python (2022 | 2023) and GTI TI 1ITF06 (Z62903);22.04;5.50;11.33;N/A;6.00;8.00;10.00;1.00;27.75;7.00;6.00;7.27;8.89;8.00;1.00;;N/A;N/A;N/A;N/A;;;;;;;;;;;;;;;;;;;;;;;;
LastName, FirstName 109;231;S_r00231;S_r00231@student.thomasmore.be;1ITF - Application Development in Python (2022 | 2023) and GTI TI 1ITF04 (Z62903);19.20;2.00;5.33;N/A;5.50;8.00;13.00;1.00;41.50;7.00;6.00;3.64;7.78;3.00;1.00;;N/A;N/A;N/A;N/A;;;;;;;;;;;;;;;;;;;;;;;;
LastName, FirstName 110;232;S_r00232;S_r00232@student.thomasmore.be;1ITF - Application Development in Python (2022 | 2023) and GTI EI 1ITF04 (Z62903);18.83;5.00;8.00;N/A;4.00;10.50;11.00;1.00;32.40;7.00;3.00;6.36;10.00;8.00;1.00;;N/A;N/A;N/A;N/A;;;;;;;;;;;;;;;;;;;;;;;;
LastName, FirstName 111;233;S_r00233;S_r00233@student.thomasmore.be;1ITF - Application Development in Python (2022 | 2023) and GTI EI 1ITF03 (Z62903);14.43;5.50;5.00;N/A;6.00;11.00;14.00;1.00;20.33;5.00;;;;;1.00;0.00;N/A;N/A;N/A;N/A;;;;;;;;;;;;;;;;;;;;;;;;
LastName, FirstName 112;234;S_r00234;S_r00234@student.thomasmore.be;1ITF - Application Development in Python (2022 | 2023) and GTI ACS 1ACS01 (Z56485);9.43;0.00;;N/A;;;;1.00;17.25;9.00;;;;;1.00;;N/A;N/A;N/A;N/A;;;;;;;;;;;;;;;;;;;;;;;;
LastName, FirstName 113;235;S_r00235;S_r00235@student.thomasmore.be;1ITF - Application Development in Python (2022 | 2023) and GTI TI 1ITF02 (Z62903);3.40;0.00;3.00;N/A;3.00;1.00;8.00;1.00;8.33;;;;;;1.00;0.00;N/A;N/A;N/A;N/A;;;;;;;;;;;;;;;;;;;;;;;;
LastName, FirstName 114;236;S_r00236;S_r00236@student.thomasmore.be;1ITF - Application Development in Python (2022 | 2023) and GTI ACS 1ACS02 (Z56485);9.30;0.50;12.00;N/A;6.00;12.00;15.00;1.00;33.25;;;;;;1.00;0.00;N/A;N/A;N/A;N/A;;;;;;;;;;;;;;;;;;;;;;;;
LastName, FirstName 115;237;S_r00237;S_r00237@student.thomasmore.be;1ITF - Application Development in Python (2022 | 2023) and GTI ACS 1ACS01 (Z56485);24.67;9.75;10.67;N/A;6.00;8.00;9.00;1.00;27.25;8.00;5.00;7.27;8.89;9.00;1.00;;N/A;N/A;N/A;N/A;;;;;;;;;;;;;;;;;;;;;;;;
LastName, FirstName 116;238;S_r00238;S_r00238@student.thomasmore.be;1ITF - Application Development in Python (2022 | 2023) and GTI EI 1ITF05 (Z62903);22.67;7.00;9.00;N/A;6.00;4.00;10.00;1.00;24.50;;4.00;;6.67;8.00;1.00;0.00;N/A;N/A;N/A;N/A;;;;;;;;;;;;;;;;;;;;;;;;
LastName, FirstName 117;239;S_r00239;S_r00239@student.thomasmore.be;1ITF - Application Development in Python (2022 | 2023) and GTI TI 1ITF03 (Z62903);14.20;5.00;5.00;N/A;6.00;3.50;15.00;1.00;30.00;2.00;;3.64;;;1.00;0.00;N/A;N/A;N/A;N/A;;;;;;;;;;;;;;;;;;;;;;;;
LastName, FirstName 118;240;S_r00240;S_r00240@student.thomasmore.be;1ITF - Application Development in Python (2022 | 2023) and GTI ACS 1ACS01 (Z56485);;;5.33;N/A;2.50;;13.00;1.00;12.83;;;;;;;;N/A;N/A;N/A;N/A;;;;;;;;;;;;;;;;;;;;;;;;
LastName, FirstName 119;241;S_r00241;S_r00241@student.thomasmore.be;1ITF - Application Development in Python (2022 | 2023) and GTI TI 1ITF01 (Z62903);19.20;8.75;4.33;N/A;5.00;4.00;9.00;1.00;26.50;8.00;8.00;8.18;4.44;8.00;1.00;;N/A;N/A;N/A;N/A;;;;;;;;;;;;;;;;;;;;;;;;
LastName, FirstName 120;242;S_r00242;S_r00242@student.thomasmore.be;1ITF - Application Development in Python (2022 | 2023) and GTI EI 1ITF01 (Z62903);14.20;2.00;10.00;N/A;6.00;6.50;15.00;1.00;38.75;8.00;2.00;;;9.00;1.00;;N/A;N/A;N/A;N/A;;;;;;;;;;;;;;;;;;;;;;;;
LastName, FirstName 121;243;S_r00243;S_r00243@student.thomasmore.be;1ITF - Application Development in Python (2022 | 2023) and GTI TI 1ITF02 (Z62903);18.67;8.00;6.83;N/A;;10.00;;1.00;38.25;6.00;4.00;;;;1.00;0.00;N/A;N/A;N/A;N/A;;;;;;;;;;;;;;;;;;;;;;;;
LastName, FirstName 122;244;S_r00244;S_r00244@student.thomasmore.be;1ITF - Application Development in Python (2022 | 2023) and GTI EI 1ITF05 (Z62903);21.17;8.75;11.00;N/A;6.00;10.00;15.00;1.00;38.00;8.00;4.00;9.09;7.78;7.00;1.00;0.00;N/A;N/A;N/A;N/A;;;;;;;;;;;;;;;;;;;;;;;;
LastName, FirstName 123;245;S_r00245;S_r00245@student.thomasmore.be;1ITF - Application Development in Python (2022 | 2023) and GTI ACS 1ACS02 (Z56485);;;;N/A;;;;1.00;16.50;;;;;;;;N/A;N/A;N/A;N/A;;;;;;;;;;;;;;;;;;;;;;;;
LastName, FirstName 124;246;S_r00246;S_r00246@student.thomasmore.be;1ITF - Application Development in Python (2022 | 2023) and GTI ACS 1ACS01 (Z56485);18.17;2.00;11.00;N/A;;5.00;;1.00;25.33;6.00;;9.09;;;1.00;;N/A;N/A;N/A;N/A;;;;;;;;;;;;;;;;;;;;;;;;
LastName, FirstName 125;247;S_r00247;S_r00247@student.thomasmore.be;1ITF - Application Development in Python (2022 | 2023) and GTI TI 1ITF01 (Z62903);24.50;6.00;;N/A;;9.50;13.00;1.00;39.50;6.00;5.00;6.36;6.67;4.00;1.00;0.00;N/A;N/A;N/A;N/A;;;;;;;;;;;;;;;;;;;;;;;;
LastName, FirstName 126;248;S_r00248;S_r00248@student.thomasmore.be;1ITF - Application Development in Python (2022 | 2023) and GTI TI 1ITF05 (Z62903);;;1.00;N/A;2.00;;;1.00;21.25;;;;;;;;N/A;N/A;N/A;N/A;;;;;;;;;;;;;;;;;;;;;;;;
LastName, FirstName 127;249;S_r00249;S_r00249@student.thomasmore.be;1ITF - Application Development in Python (2022 | 2023) and GTI ACS 1ACS02 (Z56485);9.27;2.50;10.67;N/A;5.00;7.00;13.00;1.00;23.50;9.00;7.00;5.45;10.00;8.00;1.00;;N/A;N/A;N/A;N/A;;;;;;;;;;;;;;;;;;;;;;;;
LastName, FirstName 128;250;S_r00250;S_r00250@student.thomasmore.be;1ITF - Application Development in Python (2022 | 2023) and GTI ACS 1ACS01 (Z56485);;;5.83;N/A;;;;1.00;2.50;8.00;;10.00;;9.00;;;N/A;N/A;N/A;N/A;;;;;;;;;;;;;;;;;;;;;;;;
LastName, FirstName 129;251;S_r00251;S_r00251@student.thomasmore.be;1ITF - Application Development in Python (2022 | 2023) and GTI TI 1ITF02 (Z62903);17.73;0.00;11.67;N/A;6.00;10.00;15.00;1.00;26.50;9.00;7.00;9.09;5.56;8.00;1.00;;N/A;N/A;N/A;N/A;;;;;;;;;;;;;;;;;;;;;;;;
LastName, FirstName 130;252;S_r00252;S_r00252@student.thomasmore.be;1ITF - Application Development in Python (2022 | 2023) and GTI ACS 1ACS01 (Z56485);28.17;9.75;11.33;N/A;6.00;11.00;15.00;1.00;49.00;10.00;8.00;9.09;8.89;9.00;1.00;0.00;N/A;N/A;N/A;N/A;;;;;;;;;;;;;;;;;;;;;;;;
LastName, FirstName 131;253;S_r00253;S_r00253@student.thomasmore.be;1ITF - Application Development in Python (2022 | 2023) and GTI EI 1ITF03 (Z62903);14.07;4.25;8.33;N/A;5.00;10.50;13.00;1.00;33.50;;;;;;1.00;0.00;N/A;N/A;N/A;N/A;;;;;;;;;;;;;;;;;;;;;;;;
LastName, FirstName 132;254;S_r00254;S_r00254@student.thomasmore.be;1ITF - Application Development in Python (2022 | 2023) and GTI TI 1ITF01 (Z62903);21.84;9.75;4.33;N/A;6.00;10.00;13.00;1.00;47.83;10.00;7.00;10.00;10.00;9.00;1.00;;N/A;N/A;N/A;N/A;;;;;;;;;;;;;;;;;;;;;;;;
LastName, FirstName 133;255;S_r00255;S_r00255@student.thomasmore.be;1ITF - Application Development in Python (2022 | 2023) and GTI EI 1ITF02 (Z62903);15.53;9.13;8.67;N/A;6.00;8.00;15.00;1.00;43.00;5.00;3.00;3.64;4.44;;1.00;0.00;N/A;N/A;N/A;N/A;;;;;;;;;;;;;;;;;;;;;;;;
LastName, FirstName 134;256;S_r00256;S_r00256@student.thomasmore.be;1ITF - Application Development in Python (2022 | 2023) and GTI TI 1ITF03 (Z62903);7.87;1.50;7.67;N/A;4.00;5.00;10.00;1.00;16.33;3.00;;1.82;;;1.00;0.00;N/A;N/A;N/A;N/A;;;;;;;;;;;;;;;;;;;;;;;;
LastName, FirstName 135;257;S_r00257;S_r00257@student.thomasmore.be;1ITF - Application Development in Python (2022 | 2023) and GTI TI 1ITF03 (Z62903);20.20;9.50;6.00;N/A;6.00;9.00;13.00;1.00;41.75;7.00;;6.36;;8.00;1.00;;N/A;N/A;N/A;N/A;;;;;;;;;;;;;;;;;;;;;;;;
LastName, FirstName 136;258;S_r00258;S_r00258@student.thomasmore.be;1ITF - Application Development in Python (2022 | 2023) and GTI TI 1ITF05 (Z62903);7.30;0.00;7.33;N/A;6.00;2.00;11.00;1.00;12.58;;;;;;1.00;;N/A;N/A;N/A;N/A;;;;;;;;;;;;;;;;;;;;;;;;
LastName, FirstName 137;259;S_r00259;S_r00259@student.thomasmore.be;1ITF - Application Development in Python (2022 | 2023) and GTI ACS 1ACS02 (Z56485);;;;N/A;;;;;;;;;;;;;N/A;N/A;N/A;N/A;;;;;;;;;;;;;;;;;;;;;;;;
LastName, FirstName 138;260;S_r00260;S_r00260@student.thomasmore.be;1ITF - Application Development in Python (2022 | 2023) and GTI ACS 1ACS01 (Z56485);4.79;1.00;;N/A;1.00;1.50;11.00;1.00;12.25;4.00;0.00;3.64;;3.00;1.00;;N/A;N/A;N/A;N/A;;;;;;;;;;;;;;;;;;;;;;;;
LastName, FirstName 139;261;S_r00261;S_r00261@student.thomasmore.be;1ITF - Application Development in Python (2022 | 2023) and GTI ACS 1ACS01 (Z56485);12.90;0.00;9.00;N/A;5.00;8.50;10.00;1.00;17.75;5.00;;;;;1.00;;N/A;N/A;N/A;N/A;;;;;;;;;;;;;;;;;;;;;;;;
LastName, FirstName 140;262;S_r00262;S_r00262@student.thomasmore.be;1ITF - Application Development in Python (2022 | 2023) and GTI EI 1ITF06 (Z62903);3.80;0.00;5.83;N/A;6.00;4.00;13.00;1.00;16.83;;0.00;;;;1.00;0.00;N/A;N/A;N/A;N/A;;;;;;;;;;;;;;;;;;;;;;;;
LastName, FirstName 141;263;S_r00263;S_r00263@student.thomasmore.be;1ITF - Application Development in Python (2022 | 2023) and GTI EI 1ITF01 (Z62903);18.80;5.50;8.00;N/A;5.50;3.50;12.00;1.00;37.00;6.00;4.00;8.18;6.67;9.00;1.00;0.00;N/A;N/A;N/A;N/A;;;;;;;;;;;;;;;;;;;;;;;;
LastName, FirstName 142;264;S_r00264;S_r00264@student.thomasmore.be;1ITF - Application Development in Python (2022 | 2023) and GTI ACS 1ACS02 (Z56485);;;3.33;N/A;1.00;;10.00;1.00;12.66;;;;;;;;N/A;N/A;N/A;N/A;;;;;;;;;;;;;;;;;;;;;;;;
LastName, FirstName 143;265;S_r00265;S_r00265@student.thomasmore.be;1ITF - Application Development in Python (2022 | 2023) and GTI EI 1ITF06 (Z62903);13.13;2.75;5.33;N/A;5.50;3.50;13.00;1.00;21.50;5.00;3.00;;4.44;4.00;1.00;;N/A;N/A;N/A;N/A;;;;;;;;;;;;;;;;;;;;;;;;
LastName, FirstName 144;266;S_r00266;S_r00266@student.thomasmore.be;1ITF - Application Development in Python (2022 | 2023) and GTI TI 1ITF02 (Z62903);22.53;9.50;9.67;N/A;6.00;10.00;9.00;1.00;30.50;7.00;7.00;10.00;5.56;8.00;1.00;0.00;N/A;N/A;N/A;N/A;;;;;;;;;;;;;;;;;;;;;;;;
LastName, FirstName 145;267;S_r00267;S_r00267@student.thomasmore.be;1ITF - Application Development in Python (2022 | 2023) and GTI ACS 1ACS01 (Z56485);12.97;2.75;10.33;N/A;6.00;2.50;14.00;1.00;21.25;9.00;4.00;5.45;0.00;6.00;1.00;;N/A;N/A;N/A;N/A;;;;;;;;;;;;;;;;;;;;;;;;
LastName, FirstName 146;268;S_r00268;S_r00268@student.thomasmore.be;1ITF - Application Development in Python (2022 | 2023) and GTI TI 1ITF05 (Z62903);22.40;1.25;6.67;N/A;5.00;7.00;13.00;1.00;24.33;7.00;;;;;1.00;0.00;N/A;N/A;N/A;N/A;;;;;;;;;;;;;;;;;;;;;;;;
LastName, FirstName 147;269;S_r00269;S_r00269@student.thomasmore.be;1ITF - Application Development in Python (2022 | 2023) and GTI TI 1ITF01 (Z62903);5.90;0.00;4.00;N/A;;1.00;;1.00;8.75;;;;;;1.00;;N/A;N/A;N/A;N/A;;;;;;;;;;;;;;;;;;;;;;;;
LastName, FirstName 148;270;S_r00270;S_r00270@student.thomasmore.be;1ITF - Application Development in Python (2022 | 2023) and GTI EI 1ITF03 (Z62903);6.43;0.00;4.00;N/A;3.50;5.00;10.00;1.00;23.75;2.00;;3.64;;4.00;1.00;;N/A;N/A;N/A;N/A;;;;;;;;;;;;;;;;;;;;;;;;
LastName, FirstName 149;271;S_r00271;S_r00271@student.thomasmore.be;1ITF - Application Development in Python (2022 | 2023) and GTI EI 1ITF06 (Z62903);5.76;0.00;4.50;N/A;5.50;8.50;2.00;;;4.00;1.00;0.91;;1.00;1.00;;9.49;1.00;N/A;N/A;;;;;;;;;;;;;;;;;;;;;;;;
LastName, FirstName 150;272;S_r00272;S_r00272@student.thomasmore.be;1ITF - Application Development in Python (2022 | 2023) and GTI ACS 1ACS02 (Z56485);;;;N/A;;;;;;;;;;;;;N/A;N/A;N/A;N/A;;;;;;;;;;;;;;;;;;;;;;;;
LastName, FirstName 151;273;S_r00273;S_r00273@student.thomasmore.be;1ITF - Application Development in Python (2022 | 2023) and GTI TI 1ITF02 (Z62903);15.70;2.50;11.33;N/A;6.00;5.50;14.00;1.00;22.50;10.00;5.00;10.00;10.00;8.00;1.00;;N/A;N/A;N/A;N/A;;;;;;;;;;;;;;;;;;;;;;;;
LastName, FirstName 152;274;S_r00274;S_r00274@student.thomasmore.be;1ITF - Application Development in Python (2022 | 2023) and GTI TI 1ITF01 (Z62903);21.37;9.50;12.00;N/A;0.50;;10.00;1.00;34.75;10.00;7.00;5.45;6.67;8.00;1.00;;N/A;N/A;N/A;N/A;;;;;;;;;;;;;;;;;;;;;;;;
LastName, FirstName 153;275;S_r00275;S_r00275@student.thomasmore.be;1ITF - Application Development in Python (2022 | 2023) and GTI TI 1ITF02 (Z62903);19.43;7.50;12.00;N/A;6.00;11.00;15.00;1.00;40.00;10.00;8.00;10.00;10.00;9.00;1.00;0.00;N/A;N/A;N/A;N/A;;;;;;;;;;;;;;;;;;;;;;;;
LastName, FirstName 154;276;S_r00276;S_r00276@student.thomasmore.be;1ITF - Application Development in Python (2022 | 2023) and GTI EI 1ITF01 (Z62903);13.46;4.00;;N/A;;0.00;;1.00;26.25;;;;;;1.00;;N/A;N/A;N/A;N/A;;;;;;;;;;;;;;;;;;;;;;;;
LastName, FirstName 155;277;S_r00277;S_r00277@student.thomasmore.be;1ITF - Application Development in Python (2022 | 2023) and GTI ACS 1ACS01 (Z56485);20.37;4.75;11.33;N/A;5.50;7.00;14.00;1.00;22.08;8.00;6.00;9.09;6.67;6.00;1.00;0.00;N/A;N/A;N/A;N/A;;;;;;;;;;;;;;;;;;;;;;;;
LastName, FirstName 156;278;S_r00278;S_r00278@student.thomasmore.be;1ITF - Application Development in Python (2022 | 2023) and GTI EI 1ITF06 (Z62903);14.15;0.00;3.00;N/A;3.50;11.00;;1.00;28.50;5.00;7.00;0.00;8.89;8.00;1.00;;N/A;N/A;N/A;N/A;;;;;;;;;;;;;;;;;;;;;;;;
LastName, FirstName 157;279;S_r00279;S_r00279@student.thomasmore.be;1ITF - Application Development in Python (2022 | 2023) and GTI ACS 1ACS01 (Z56485);;;10.00;N/A;4.00;3.00;11.00;1.00;26.50;4.00;;;;;;;N/A;N/A;N/A;N/A;;;;;;;;;;;;;;;;;;;;;;;;
LastName, FirstName 158;280;S_r00280;S_r00280@student.thomasmore.be;1ITF - Application Development in Python (2022 | 2023) and GTI ACS 1ACS01 (Z56485);;;;N/A;3.50;;14.00;;;;;;;;;;N/A;N/A;N/A;N/A;;;;;;;;;;;;;;;;;;;;;;;;
LastName, FirstName 159;281;S_r00281;S_r00281@student.thomasmore.be;1ITF - Application Development in Python (2022 | 2023) and GTI ACS 1ACS02 (Z56485);13.77;0.75;11.33;N/A;6.00;7.00;14.00;1.00;30.66;9.00;7.00;9.09;10.00;4.00;1.00;;N/A;N/A;N/A;N/A;;;;;;;;;;;;;;;;;;;;;;;;
LastName, FirstName 160;282;S_r00282;S_r00282@student.thomasmore.be;1ITF - Application Development in Python (2022 | 2023) and GTI ACS 1ACS01 (Z56485);12.73;0.00;11.33;N/A;;4.00;;1.00;30.00;8.00;8.00;9.09;;9.00;1.00;;N/A;N/A;N/A;N/A;;;;;;;;;;;;;;;;;;;;;;;;
LastName, FirstName 161;283;S_r00283;S_r00283@student.thomasmore.be;1ITF - Application Development in Python (2022 | 2023) and GTI EI 1ITF04 (Z62903);19.00;2.00;5.33;N/A;6.00;8.00;;1.00;24.00;4.00;;;;;1.00;0.00;N/A;N/A;N/A;N/A;;;;;;;;;;;;;;;;;;;;;;;;
LastName, FirstName 162;284;S_r00284;S_r00284@student.thomasmore.be;1ITF - Application Development in Python (2022 | 2023) and GTI TI 1ITF05 (Z62903);12.60;0.00;11.00;N/A;5.00;9.00;15.00;1.00;22.50;4.00;5.00;;3.33;7.00;1.00;;N/A;N/A;N/A;N/A;;;;;;;;;;;;;;;;;;;;;;;;
LastName, FirstName 163;285;S_r00285;S_r00285@student.thomasmore.be;1ITF - Application Development in Python (2022 | 2023) and GTI TI 1ITF05 (Z62903);12.27;4.50;;N/A;;;;1.00;31.00;;;;;;1.00;0.00;N/A;N/A;N/A;N/A;;;;;;;;;;;;;;;;;;;;;;;;
LastName, FirstName 164;286;S_r00286;S_r00286@student.thomasmore.be;1ITF - Application Development in Python (2022 | 2023) and GTI ACS 1ACS01 (Z56485);22.74;1.00;10.00;N/A;4.00;8.00;11.00;1.00;23.83;7.00;4.00;6.36;4.44;8.00;1.00;;N/A;N/A;N/A;N/A;;;;;;;;;;;;;;;;;;;;;;;;
LastName, FirstName 165;287;S_r00287;S_r00287@student.thomasmore.be;1ITF - Application Development in Python (2022 | 2023) and GTI EI 1ITF04 (Z62903);26.00;6.00;11.33;N/A;6.00;11.00;15.00;1.00;38.00;10.00;7.00;7.27;7.78;9.00;1.00;;N/A;N/A;N/A;N/A;;;;;;;;;;;;;;;;;;;;;;;;
LastName, FirstName 166;288;S_r00288;S_r00288@student.thomasmore.be;1ITF - Application Development in Python (2022 | 2023) and GTI TI 1ITF02 (Z62903);13.03;1.00;5.33;N/A;5.50;6.00;;1.00;22.50;;2.00;5.45;;7.00;1.00;0.00;N/A;N/A;N/A;N/A;;;;;;;;;;;;;;;;;;;;;;;;
LastName, FirstName 167;289;S_r00289;S_r00289@student.thomasmore.be;1ITF - Application Development in Python (2022 | 2023) and GTI TI 1ITF04 (Z62903);18.53;3.75;5.83;N/A;5.00;0.50;13.00;1.00;26.00;6.00;5.00;6.36;6.67;;1.00;;N/A;N/A;N/A;N/A;;;;;;;;;;;;;;;;;;;;;;;;
LastName, FirstName 168;290;S_r00290;S_r00290@student.thomasmore.be;1ITF - Application Development in Python (2022 | 2023) and GTI ACS 1ACS02 (Z56485);;;;N/A;;;;;;;;;;;;;N/A;N/A;N/A;N/A;;;;;;;;;;;;;;;;;;;;;;;;
LastName, FirstName 169;291;S_r00291;S_r00291@student.thomasmore.be;1ITF - Application Development in Python (2022 | 2023) and GTI ACS 1ACS01 (Z56485);22.27;2.00;11.33;N/A;5.00;4.00;15.00;1.00;34.00;9.00;8.00;5.45;7.78;9.00;1.00;;N/A;N/A;N/A;N/A;;;;;;;;;;;;;;;;;;;;;;;;
LastName, FirstName 170;292;S_r00292;S_r00292@student.thomasmore.be;1ITF - Application Development in Python (2022 | 2023) and GTI ACS 1ACS01 (Z56485);;;;N/A;;;;;;;;;;;;;N/A;N/A;N/A;N/A;;;;;;;;;;;;;;;;;;;;;;;;
LastName, FirstName 171;293;S_r00293;S_r00293@student.thomasmore.be;1ITF - Application Development in Python (2022 | 2023) and GTI ACS 1ACS02 (Z56485);15.93;3.50;11.33;N/A;6.00;9.50;15.00;1.00;35.00;7.00;7.00;10.00;7.78;8.00;1.00;0.00;N/A;N/A;N/A;N/A;;;;;;;;;;;;;;;;;;;;;;;;
LastName, FirstName 172;294;S_r00294;S_r00294@student.thomasmore.be;1ITF - Application Development in Python (2022 | 2023) and GTI ACS 1ACS02 (Z56485);2.63;0.00;12.00;N/A;6.00;10.00;15.00;1.00;6.00;8.00;5.00;;10.00;;1.00;;N/A;N/A;N/A;N/A;;;;;;;;;;;;;;;;;;;;;;;;
LastName, FirstName 173;295;S_r00295;S_r00295@student.thomasmore.be;1ITF - Application Development in Python (2022 | 2023) and GTI TI 1ITF01 (Z62903);14.23;2.50;3.00;N/A;;9.50;;1.00;23.50;;1.00;;;5.00;1.00;;N/A;N/A;N/A;N/A;;;;;;;;;;;;;;;;;;;;;;;;
LastName, FirstName 174;296;S_r00296;S_r00296@student.thomasmore.be;1ITF - Application Development in Python (2022 | 2023) and GTI ACS 1ACS01 (Z56485);;;;N/A;;;;1.00;14.00;;;;;;;;N/A;N/A;N/A;N/A;;;;;;;;;;;;;;;;;;;;;;;;
LastName, FirstName 175;297;S_r00297;S_r00297@student.thomasmore.be;1ITF - Application Development in Python (2022 | 2023) and GTI EI 1ITF02 (Z62903);27.83;9.50;5.33;N/A;;8.00;;1.00;36.00;7.00;4.00;;;;1.00;0.00;N/A;N/A;N/A;N/A;;;;;;;;;;;;;;;;;;;;;;;;
LastName, FirstName 176;298;S_r00298;S_r00298@student.thomasmore.be;1ITF - Application Development in Python (2022 | 2023) and GTI EI 1ITF06 (Z62903);15.24;4.75;2.00;N/A;5.50;6.00;9.00;1.00;30.00;4.00;4.00;;;;1.00;;N/A;N/A;N/A;N/A;;;;;;;;;;;;;;;;;;;;;;;;
LastName, FirstName 177;299;S_r00299;S_r00299@student.thomasmore.be;1ITF - Application Development in Python (2022 | 2023) and GTI EI 1ITF01 (Z62903);;;10.33;N/A;6.00;7.00;14.00;1.00;17.42;;;;;3.00;;;N/A;N/A;N/A;N/A;;;;;;;;;;;;;;;;;;;;;;;;
LastName, FirstName 178;300;S_r00300;S_r00300@student.thomasmore.be;1ITF - Application Development in Python (2022 | 2023) and GTI TI 1ITF05 (Z62903);14.90;2.75;7.17;N/A;5.50;1.50;13.00;1.00;24.25;;;;;;1.00;0.00;N/A;N/A;N/A;N/A;;;;;;;;;;;;;;;;;;;;;;;;
LastName, FirstName 179;301;S_r00301;S_r00301@student.thomasmore.be;1ITF - Application Development in Python (2022 | 2023) and GTI EI 1ITF01 (Z62903);3.30;0.50;3.00;N/A;;1.50;;1.00;21.33;;;;;;1.00;0.00;N/A;N/A;N/A;N/A;;;;;;;;;;;;;;;;;;;;;;;;
LastName, FirstName 180;302;S_r00302;S_r00302@student.thomasmore.be;1ITF - Application Development in Python (2022 | 2023) and GTI ACS 1ACS02 (Z56485);;;;N/A;;;;1.00;3.75;;;;;;;;N/A;N/A;N/A;N/A;;;;;;;;;;;;;;;;;;;;;;;;
LastName, FirstName 181;303;S_r00303;S_r00303@student.thomasmore.be;1ITF - Application Development in Python (2022 | 2023) and GTI EI 1ITF02 (Z62903);8.07;3.50;9.00;N/A;4.50;1.00;11.00;1.00;33.00;;0.00;;;1.00;1.00;0.00;N/A;N/A;N/A;N/A;;;;;;;;;;;;;;;;;;;;;;;;
LastName, FirstName 182;304;S_r00304;S_r00304@student.thomasmore.be;1ITF - Application Development in Python (2022 | 2023) and GTI ACS 1ACS02 (Z56485);;;;N/A;;;;1.00;13.50;;;;;;;;N/A;N/A;N/A;N/A;;;;;;;;;;;;;;;;;;;;;;;;
LastName, FirstName 183;305;S_r00305;S_r00305@student.thomasmore.be;1ITF - Application Development in Python (2022 | 2023) and GTI EI 1ITF01 (Z62903);21.37;2.75;6.67;N/A;6.00;10.00;14.00;1.00;28.50;8.00;6.00;10.00;4.44;8.00;1.00;;N/A;N/A;N/A;N/A;;;;;;;;;;;;;;;;;;;;;;;;
LastName, FirstName 184;306;S_r00306;S_r00306@student.thomasmore.be;1ITF - Application Development in Python (2022 | 2023) and GTI TI 1ITF04 (Z62903);15.53;3.00;6.00;N/A;6.00;3.50;;1.00;23.50;4.00;;8.18;5.56;9.00;1.00;;N/A;N/A;N/A;N/A;;;;;;;;;;;;;;;;;;;;;;;;
LastName, FirstName 185;307;S_r00307;S_r00307@student.thomasmore.be;1ITF - Application Development in Python (2022 | 2023) and GTI EI 1ITF05 (Z62903);18.87;4.75;11.67;N/A;6.00;11.00;15.00;1.00;34.83;8.00;3.00;;4.44;;1.00;0.00;N/A;N/A;N/A;N/A;;;;;;;;;;;;;;;;;;;;;;;;
LastName, FirstName 186;308;S_r00308;S_r00308@student.thomasmore.be;1ITF - Application Development in Python (2022 | 2023) and GTI TI 1ITF03 (Z62903);9.10;1.75;3.00;N/A;5.50;6.00;;1.00;34.00;;;;;;1.00;0.00;N/A;N/A;N/A;N/A;;;;;;;;;;;;;;;;;;;;;;;;
LastName, FirstName 187;309;S_r00309;S_r00309@student.thomasmore.be;1ITF - Application Development in Python (2022 | 2023) and GTI TI 1ITF02 (Z62903);24.17;5.75;5.67;N/A;5.00;7.50;10.00;1.00;33.00;5.00;6.00;8.18;5.56;7.00;1.00;0.00;N/A;N/A;N/A;N/A;;;;;;;;;;;;;;;;;;;;;;;;
LastName, FirstName 188;310;S_r00310;S_r00310@student.thomasmore.be;1ITF - Application Development in Python (2022 | 2023) and GTI ACS 1ACS02 (Z56485);8.93;0.25;6.33;N/A;6.00;9.50;15.00;1.00;15.25;;;;;;1.00;;N/A;N/A;N/A;N/A;;;;;;;;;;;;;;;;;;;;;;;;
LastName, FirstName 189;311;S_r00311;S_r00311@student.thomasmore.be;1ITF - Application Development in Python (2022 | 2023) and GTI ACS 1ACS01 (Z56485);15.23;3.25;10.33;N/A;6.00;5.00;13.00;1.00;30.50;4.00;7.00;8.18;;5.00;1.00;0.00;N/A;N/A;N/A;N/A;;;;;;;;;;;;;;;;;;;;;;;;
LastName, FirstName 190;312;S_r00312;S_r00312@student.thomasmore.be;1ITF - Application Development in Python (2022 | 2023) and GTI TI 1ITF03 (Z62903);24.67;4.75;5.00;N/A;6.00;3.00;12.00;1.00;36.25;6.00;4.00;4.55;8.89;8.00;1.00;0.00;N/A;N/A;N/A;N/A;;;;;;;;;;;;;;;;;;;;;;;;
LastName, FirstName 191;313;S_r00313;S_r00313@student.thomasmore.be;1ITF - Application Development in Python (2022 | 2023) and GTI EI 1ITF02 (Z62903);14.40;1.50;;N/A;;;;1.00;17.00;;;;;;1.00;0.00;N/A;N/A;N/A;N/A;;;;;;;;;;;;;;;;;;;;;;;;
LastName, FirstName 192;314;S_r00314;S_r00314@student.thomasmore.be;1ITF - Application Development in Python (2022 | 2023) and GTI TI 1ITF04 (Z62903);19.03;10.00;10.67;N/A;6.00;11.00;12.00;1.00;34.50;6.00;4.00;7.27;8.89;8.00;1.00;0.00;N/A;N/A;N/A;N/A;;;;;;;;;;;;;;;;;;;;;;;;
LastName, FirstName 193;315;S_r00315;S_r00315@student.thomasmore.be;1ITF - Application Development in Python (2022 | 2023) and GTI TI 1ITF03 (Z62903);21.37;0.75;5.00;N/A;5.00;8.00;14.00;1.00;32.75;6.00;4.00;7.27;6.67;6.00;1.00;;N/A;N/A;N/A;N/A;;;;;;;;;;;;;;;;;;;;;;;;
LastName, FirstName 194;316;S_r00316;S_r00316@student.thomasmore.be;1ITF - Application Development in Python (2022 | 2023) and GTI TI 1ITF02 (Z62903);20.67;10.00;11.67;N/A;6.00;9.00;13.00;1.00;50.75;10.00;4.00;9.09;8.89;9.00;1.00;0.00;N/A;N/A;N/A;N/A;;;;;;;;;;;;;;;;;;;;;;;;
LastName, FirstName 195;317;S_r00317;S_r00317@student.thomasmore.be;1ITF - Application Development in Python (2022 | 2023) and GTI EI 1ITF02 (Z62903);19.37;6.00;8.67;N/A;6.00;7.00;13.00;1.00;42.25;8.00;4.00;3.64;5.56;9.00;1.00;0.00;N/A;N/A;N/A;N/A;;;;;;;;;;;;;;;;;;;;;;;;
LastName, FirstName 196;318;S_r00318;S_r00318@student.thomasmore.be;1ITF - Application Development in Python (2022 | 2023) and GTI TI 1ITF03 (Z62903);16.03;0.25;9.33;N/A;6.00;4.00;13.00;1.00;29.50;3.00;;7.27;8.89;7.00;1.00;;N/A;N/A;N/A;N/A;;;;;;;;;;;;;;;;;;;;;;;;
LastName, FirstName 197;319;S_r00319;S_r00319@student.thomasmore.be;1ITF - Application Development in Python (2022 | 2023) and GTI EI 1ITF05 (Z62903);;;;N/A;;;;1.00;31.00;;;;;;;;N/A;N/A;N/A;N/A;;;;;;;;;;;;;;;;;;;;;;;;
LastName, FirstName 198;320;S_r00320;S_r00320@student.thomasmore.be;1ITF - Application Development in Python (2022 | 2023) and GTI TI 1ITF04 (Z62903);17.00;5.50;7.33;N/A;6.00;8.00;;1.00;47.50;9.00;;;;;1.00;;N/A;N/A;N/A;N/A;;;;;;;;;;;;;;;;;;;;;;;;
LastName, FirstName 199;321;S_r00321;S_r00321@student.thomasmore.be;1ITF - Application Development in Python (2022 | 2023) and GTI EI 1ITF03 (Z62903);21.53;6.85;4.50;N/A;6.00;12.00;15.00;1.00;32.75;;;;;3.00;1.00;;N/A;N/A;N/A;N/A;;;;;;;;;;;;;;;;;;;;;;;;
LastName, FirstName 200;322;S_r00322;S_r00322@student.thomasmore.be;1ITF - Application Development in Python (2022 | 2023) and GTI EI 1ITF04 (Z62903);14.23;3.50;11.33;N/A;5.50;5.00;14.00;1.00;15.00;3.00;;;;;1.00;;N/A;N/A;N/A;N/A;;;;;;;;;;;;;;;;;;;;;;;;
LastName, FirstName 201;323;S_r00323;S_r00323@student.thomasmore.be;1ITF - Application Development in Python (2022 | 2023) and GTI TI 1ITF04 (Z62903);24.20;7.10;8.33;N/A;6.00;6.50;10.00;1.00;42.50;4.00;;;;;1.00;0.00;N/A;N/A;N/A;N/A;;;;;;;;;;;;;;;;;;;;;;;;
LastName, FirstName 202;324;S_r00324;S_r00324@student.thomasmore.be;1ITF - Application Development in Python (2022 | 2023) and GTI TI 1ITF06 (Z62903);11.73;3.50;7.83;N/A;6.00;11.00;9.00;1.00;23.50;8.00;7.00;9.09;10.00;9.00;1.00;;N/A;N/A;N/A;N/A;;;;;;;;;;;;;;;;;;;;;;;;
LastName, FirstName 203;325;S_r00325;S_r00325@student.thomasmore.be;1ITF - Application Development in Python (2022 | 2023) and GTI EI 1ITF05 (Z62903);16.57;5.50;5.67;N/A;5.00;3.00;11.00;1.00;22.50;;;;;5.00;1.00;0.00;N/A;N/A;N/A;N/A;;;;;;;;;;;;;;;;;;;;;;;;
LastName, FirstName 204;326;S_r00326;S_r00326@student.thomasmore.be;1ITF - Application Development in Python (2022 | 2023) and GTI TI 1ITF03 (Z62903);7.57;0.00;6.67;N/A;6.00;;15.00;1.00;10.50;;;;;5.00;1.00;0.00;N/A;N/A;N/A;N/A;;;;;;;;;;;;;;;;;;;;;;;;
LastName, FirstName 205;327;S_r00327;S_r00327@student.thomasmore.be;1ITF - Application Development in Python (2022 | 2023) and GTI TI 1ITF05 (Z62903);4.10;0.00;7.50;N/A;6.00;7.00;12.00;1.00;14.25;;;;;;1.00;0.00;N/A;N/A;N/A;N/A;;;;;;;;;;;;;;;;;;;;;;;;
LastName, FirstName 206;328;S_r00328;S_r00328@student.thomasmore.be;1ITF - Application Development in Python (2022 | 2023) and GTI TI 1ITF04 (Z62903);24.20;9.25;8.33;N/A;6.00;10.00;;1.00;40.00;6.00;;;;;1.00;;N/A;N/A;N/A;N/A;;;;;;;;;;;;;;;;;;;;;;;;
LastName, FirstName 207;329;S_r00329;S_r00329@student.thomasmore.be;1ITF - Application Development in Python (2022 | 2023) and GTI ACS 1ACS01 (Z56485);23.54;10.00;8.83;N/A;5.00;11.00;13.00;1.00;39.00;;;;;;1.00;;N/A;N/A;N/A;N/A;;;;;;;;;;;;;;;;;;;;;;;;
LastName, FirstName 208;330;S_r00330;S_r00330@student.thomasmore.be;1ITF - Application Development in Python (2022 | 2023) and GTI EI 1ITF02 (Z62903);;;;N/A;;;;;;;;;;;;;N/A;N/A;N/A;N/A;;;;;;;;;;;;;;;;;;;;;;;;
LastName, FirstName 209;331;S_r00331;S_r00331@student.thomasmore.be;1ITF - Application Development in Python (2022 | 2023) and GTI EI 1ITF05 (Z62903);19.03;5.25;8.00;N/A;6.00;4.00;12.00;1.00;23.33;;;;;;1.00;0.00;N/A;N/A;N/A;N/A;;;;;;;;;;;;;;;;;;;;;;;;
LastName, FirstName 210;332;S_r00332;S_r00332@student.thomasmore.be;1ITF - Application Development in Python (2022 | 2023) and GTI TI 1ITF04 (Z62903);17.00;9.50;7.67;N/A;6.00;11.00;12.00;1.00;30.83;5.00;3.00;3.64;4.44;8.00;1.00;0.00;N/A;N/A;N/A;N/A;;;;;;;;;;;;;;;;;;;;;;;;
LastName, FirstName 211;333;S_r00333;S_r00333@student.thomasmore.be;1ITF - Application Development in Python (2022 | 2023) and GTI TI 1ITF04 (Z62903);9.13;0.25;4.33;N/A;6.00;8.00;;1.00;20.50;;;;;;1.00;;N/A;N/A;N/A;N/A;;;;;;;;;;;;;;;;;;;;;;;;
LastName, FirstName 212;334;S_r00334;S_r00334@student.thomasmore.be;1ITF - Application Development in Python (2022 | 2023) and GTI TI 1ITF02 (Z62903);6.93;1.25;5.50;N/A;5.00;3.00;14.00;1.00;26.50;;;;;;1.00;;N/A;N/A;N/A;N/A;;;;;;;;;;;;;;;;;;;;;;;;
LastName, FirstName 213;335;S_r00335;S_r00335@student.thomasmore.be;1ITF - Application Development in Python (2022 | 2023) and GTI ACS 1ACS02 (Z56485);28.00;0.50;11.00;N/A;6.00;8.00;14.00;1.00;37.50;8.00;6.00;7.27;5.56;8.00;1.00;;N/A;N/A;N/A;N/A;;;;;;;;;;;;;;;;;;;;;;;;
LastName, FirstName 214;336;S_r00336;S_r00336@student.thomasmore.be;1ITF - Application Development in Python (2022 | 2023) and GTI ACS 1ACS01 (Z56485);18.53;0.50;11.33;N/A;6.00;11.00;15.00;1.00;32.25;10.00;7.00;10.00;10.00;7.00;1.00;0.00;N/A;N/A;N/A;N/A;;;;;;;;;;;;;;;;;;;;;;;;
LastName, FirstName 215;337;S_r00337;S_r00337@student.thomasmore.be;1ITF - Application Development in Python (2022 | 2023) and GTI ACS 1ACS02 (Z56485);21.57;10.00;7.67;N/A;5.00;4.00;14.00;1.00;43.50;7.00;5.00;;;5.00;1.00;0.00;N/A;N/A;N/A;N/A;;;;;;;;;;;;;;;;;;;;;;;;
LastName, FirstName 216;338;S_r00338;S_r00338@student.thomasmore.be;1ITF - Application Development in Python (2022 | 2023) and GTI EI 1ITF05 (Z62903);17.90;3.50;7.67;N/A;6.00;11.00;15.00;1.00;24.00;;;;;6.00;1.00;0.00;N/A;N/A;N/A;N/A;;;;;;;;;;;;;;;;;;;;;;;;
LastName, FirstName 217;339;S_r00339;S_r00339@student.thomasmore.be;1ITF - Application Development in Python (2022 | 2023) and GTI TI 1ITF03 (Z62903);6.93;1.50;6.33;N/A;6.00;3.50;15.00;1.00;20.25;4.00;;3.64;;2.00;1.00;0.00;N/A;N/A;N/A;N/A;;;;;;;;;;;;;;;;;;;;;;;;
LastName, FirstName 218;340;S_r00340;S_r00340@student.thomasmore.be;1ITF - Application Development in Python (2022 | 2023) and GTI EI 1ITF05 (Z62903);9.80;1.00;10.33;N/A;6.00;7.00;15.00;1.00;23.50;;;;;;1.00;0.00;N/A;N/A;N/A;N/A;;;;;;;;;;;;;;;;;;;;;;;;
LastName, FirstName 219;341;S_r00341;S_r00341@student.thomasmore.be;1ITF - Application Development in Python (2022 | 2023) and GTI TI 1ITF02 (Z62903);18.60;8.50;6.33;N/A;4.50;8.00;14.00;1.00;36.50;10.00;7.00;5.45;7.78;7.00;1.00;0.00;N/A;N/A;N/A;N/A;;;;;;;;;;;;;;;;;;;;;;;;
LastName, FirstName 220;342;S_r00342;S_r00342@student.thomasmore.be;1ITF - Application Development in Python (2022 | 2023) and GTI TI 1ITF04 (Z62903);7.96;1.00;4.33;N/A;6.00;1.00;0.00;1.00;13.25;4.00;;;3.33;;1.00;0.00;N/A;N/A;N/A;N/A;;;;;;;;;;;;;;;;;;;;;;;;
LastName, FirstName 221;343;S_r00343;S_r00343@student.thomasmore.be;1ITF - Application Development in Python (2022 | 2023) and GTI ACS 1ACS01 (Z56485);7.93;0.00;10.00;N/A;;;;1.00;8.33;8.00;;7.27;;9.00;1.00;0.00;N/A;N/A;N/A;N/A;;;;;;;;;;;;;;;;;;;;;;;;
LastName, FirstName 222;344;S_r00344;S_r00344@student.thomasmore.be;1ITF - Application Development in Python (2022 | 2023) and GTI TI 1ITF06 (Z62903);19.73;3.75;11.33;N/A;5.50;4.00;;1.00;25.83;8.00;4.00;6.36;8.89;8.00;1.00;;N/A;N/A;N/A;N/A;;;;;;;;;;;;;;;;;;;;;;;;
LastName, FirstName 223;345;S_r00345;S_r00345@student.thomasmore.be;1ITF - Application Development in Python (2022 | 2023) and GTI EI 1ITF06 (Z62903);24.84;10.00;11.67;N/A;6.00;10.00;14.00;1.00;35.50;8.00;5.00;6.36;10.00;9.00;1.00;;N/A;N/A;N/A;N/A;;;;;;;;;;;;;;;;;;;;;;;;
LastName, FirstName 224;346;S_r00346;S_r00346@student.thomasmore.be;1ITF - Application Development in Python (2022 | 2023) and GTI TI 1ITF04 (Z62903);29.17;9.75;9.33;N/A;6.00;11.00;14.00;1.00;37.00;8.00;6.00;9.09;10.00;8.00;1.00;0.00;N/A;N/A;N/A;N/A;;;;;;;;;;;;;;;;;;;;;;;;
LastName, FirstName 225;347;S_r00347;S_r00347@student.thomasmore.be;1ITF - Application Development in Python (2022 | 2023) and GTI EI 1ITF03 (Z62903);11.77;1.75;5.00;N/A;6.00;2.00;14.00;1.00;17.25;2.00;4.00;2.73;;2.00;1.00;0.00;N/A;N/A;N/A;N/A;;;;;;;;;;;;;;;;;;;;;;;;
LastName, FirstName 226;348;S_r00348;S_r00348@student.thomasmore.be;1ITF - Application Development in Python (2022 | 2023) and GTI TI 1ITF02 (Z62903);16.43;5.75;7.00;N/A;5.00;3.50;11.00;1.00;35.75;;;;;7.00;1.00;0.00;N/A;N/A;N/A;N/A;;;;;;;;;;;;;;;;;;;;;;;;
LastName, FirstName 227;349;S_r00349;S_r00349@student.thomasmore.be;1ITF - Application Development in Python (2022 | 2023) and GTI TI 1ITF01 (Z62903);20.06;7.00;5.67;N/A;6.00;12.00;15.00;1.00;40.25;9.00;8.00;10.00;7.78;8.00;1.00;;N/A;N/A;N/A;N/A;;;;;;;;;;;;;;;;;;;;;;;;
LastName, FirstName 228;350;S_r00350;S_r00350@student.thomasmore.be;1ITF - Application Development in Python (2022 | 2023) and GTI TI 1ITF06 (Z62903);23.00;6.25;10.00;N/A;6.00;8.00;13.00;1.00;30.00;9.00;4.00;8.18;5.56;8.00;1.00;0.00;N/A;N/A;N/A;N/A;;;;;;;;;;;;;;;;;;;;;;;;
LastName, FirstName 229;351;S_r00351;S_r00351@student.thomasmore.be;1ITF - Application Development in Python (2022 | 2023) and GTI TI 1ITF06 (Z62903);;;;N/A;4.50;;;1.00;15.00;;;;;;;;N/A;N/A;N/A;N/A;;;;;;;;;;;;;;;;;;;;;;;;
LastName, FirstName 230;352;S_r00352;S_r00352@student.thomasmore.be;1ITF - Application Development in Python (2022 | 2023) and GTI TI 1ITF01 (Z62903);9.56;2.50;4.50;N/A;5.00;8.50;13.00;1.00;18.50;;;;;;1.00;0.00;N/A;N/A;N/A;N/A;;;;;;;;;;;;;;;;;;;;;;;;
LastName, FirstName 231;353;S_r00353;S_r00353@student.thomasmore.be;1ITF - Application Development in Python (2022 | 2023) and GTI TI 1ITF01 (Z62903);15.57;5.50;7.00;N/A;6.00;5.00;15.00;1.00;47.75;;;6.36;4.44;3.00;1.00;0.00;N/A;N/A;N/A;N/A;;;;;;;;;;;;;;;;;;;;;;;;
LastName, FirstName 232;354;S_r00354;S_r00354@student.thomasmore.be;1ITF - Application Development in Python (2022 | 2023) and GTI ACS 1ACS02 (Z56485);;;;N/A;;;;1.00;9.66;;;;;;;;N/A;N/A;N/A;N/A;;;;;;;;;;;;;;;;;;;;;;;;
LastName, FirstName 233;355;S_r00355;S_r00355@student.thomasmore.be;1ITF - Application Development in Python (2022 | 2023) and GTI ACS 1ACS01 (Z56485);11.10;0.00;;N/A;;;;1.00;9.50;8.00;7.00;7.27;;;1.00;;N/A;N/A;N/A;N/A;;;;;;;;;;;;;;;;;;;;;;;;
LastName, FirstName 234;356;S_r00356;S_r00356@student.thomasmore.be;1ITF - Application Development in Python (2022 | 2023) and GTI ACS 1ACS02 (Z56485);18.87;2.75;5.83;N/A;6.00;3.00;11.00;1.00;23.25;;;3.64;4.44;;1.00;0.00;N/A;N/A;N/A;N/A;;;;;;;;;;;;;;;;;;;;;;;;
student, Test;99725;;d87cadab97a4949e15884ae51eff67c8a9e8d2e1;1ITF - Application Development in Python (2022 | 2023), GTI ACS 1ACS01 (Z56485), GTI ACS 1ACS02 (Z56485), GTI EI 1ITF01 (Z62903), GTI EI 1ITF02 (Z62903), GTI EI 1ITF03 (Z62903), GTI EI 1ITF04 (Z62903), GTI EI 1ITF05 (Z62903), GTI EI 1ITF06 (Z62903), GTI TI 1ITF01 (Z62903), GTI TI 1ITF02 (Z62903), GTI TI 1ITF03 (Z62903), GTI TI 1ITF04 (Z62903), GTI TI 1ITF05 (Z62903), and GTI TI 1ITF06 (Z62903);;;10.33;10.33;86.11;86.11;10.99;10.99;0.00;0.00;;;0.00;0.00;0.00;0.00;;;;;0.00;0.00;;;0.00;0.00;0.00;0.00;;;;;0.00;0.00;;;;;0.00;0.00;;;0.00;0.00
